variant,amino_acids,type,residue,Est_Ei
H159R,R,Positive,His159,-0.022745415
H159H,H,WT,His159,1.684757349
H159K,K,Positive,His159,-0.002779028
H159D,D,Neutral,His159,-0.038093344
H159E,E,Neutral,His159,0.003685667
H159M,M,Polar,His159,0.01590804
H159C,C,Polar,His159,
H159S,S,Polar,His159,0.027222469
H159T,T,Polar,His159,-0.003520536
H159N,N,Polar,His159,
H159Q,Q,Polar,His159,0.015108183
H159A,A,Non-polar,His159,-0.03034281
H159V,V,Non-polar,His159,-0.016123455
H159I,I,Non-polar,His159,
H159L,L,Non-polar,His159,-0.005991503
H159F,F,Non-polar,His159,0.011084696
H159Y,Y,Non-polar,His159,-0.017682466
H159W,W,Non-polar,His159,-0.023488986
H159G,G,Unique,His159,0.003777587
H159P,P,Unique,His159,-0.057732044
H159*,*,Unique,His159,-0.005071614
S289R,R,Positive,Ser289,-0.043196968
S289H,H,Positive,Ser289,-0.014099123
S289K,K,Positive,Ser289,-0.00528176
S289D,D,Neutral,Ser289,-0.009532174
S289E,E,Neutral,Ser289,0.009176888
S289M,M,Polar,Ser289,0.022254039
S289C,C,Polar,Ser289,-0.036062236
S289S,S,WT,Ser289,1.684757349
S289T,T,Polar,Ser289,0.011608904
S289N,N,Polar,Ser289,-0.041322346
S289Q,Q,Polar,Ser289,-0.049846868
S289A,A,Non-polar,Ser289,0.006684378
S289V,V,Non-polar,Ser289,-0.013070399
S289I,I,Non-polar,Ser289,-0.003403877
S289L,L,Non-polar,Ser289,-0.016423138
S289F,F,Non-polar,Ser289,-0.032234566
S289Y,Y,Non-polar,Ser289,-0.002750264
S289W,W,Non-polar,Ser289,-0.048115677
S289G,G,Unique,Ser289,-0.013080657
S289P,P,Unique,Ser289,-0.032551683
S289*,*,Unique,Ser289,0.017306112
S290R,R,Positive,Ser290,-0.011759338
S290H,H,Positive,Ser290,-0.02788762
S290K,K,Positive,Ser290,0.026378352
S290D,D,Neutral,Ser290,-0.016463401
S290E,E,Neutral,Ser290,0.005096394
S290M,M,Polar,Ser290,-0.002309428
S290C,C,Polar,Ser290,0.04412334
S290S,S,WT,Ser290,1.684757349
S290T,T,Polar,Ser290,0.836543587
S290N,N,Polar,Ser290,-0.008995825
S290Q,Q,Polar,Ser290,-0.019247447
S290A,A,Non-polar,Ser290,0.08162049
S290V,V,Non-polar,Ser290,0.007795601
S290I,I,Non-polar,Ser290,-0.007655128
S290L,L,Non-polar,Ser290,0.010708422
S290F,F,Non-polar,Ser290,0.011048711
S290Y,Y,Non-polar,Ser290,0.042660302
S290W,W,Non-polar,Ser290,-0.005609059
S290G,G,Unique,Ser290,0.030263624
S290P,P,Unique,Ser290,-0.021447306
S290*,*,Unique,Ser290,-0.01676932
