variant,samp,saicar,Ei,Ei_%,low,low_%,high,high_%
wt,100,100,1.684757349,100,1,100,1.35,100
A2V,80,70,0.197614408,11.72954717,0.154406,15.4406,0.764382,56.62088889
M26L,24,9,0.478647248,28.41045616,0.458427,45.8427,1.080178,80.01318519
R141W,41,103,3.931843572,233.37744,1.262469,126.2469,1.457841,107.9882222
R303C*,16.5,39.5,0.08872564,5.26637501,0.106949,10.6949,0.42738,31.65777778
S395R,20,60,0.375865432,22.30976658,0.281375,28.1375,0.995501,73.74081481
R426H*,69,68,0.219847141,13.04918724,0.22088,22.088,1.244531,92.18748148
T450S*,69.33333333,64,0.133427645,7.919695087,0.084876,8.4876,0.562739,41.68437037
S23R,70,123,0.736674141,43.7258304,0.622603,62.2603,1.326076,98.22785185
E80D,96,117,2.676250192,158.8507801,1.171804,117.1804,1.40287,103.9162963
D87E,91,104,1.398530259,83.01078252,0.914995,91.4995,1.492802,110.5779259
A90T,75,45,3.65372508,216.8695143,1.232047,123.2047,1.424073,105.4868889
Y114H,26,36,0.030824599,1.829616533,-0.086068,-8.6068,0.23482,17.39407407
T167A,1,0,-0.009135325,-0.542233872,0.071845,7.1845,-0.073073,-5.412814815
V168I,32,53,0.481284635,28.56700018,0.394227,39.4227,1.159382,85.88014815
R190Q,151,136,0.753987736,44.75349144,0.674575,67.4575,1.402094,103.8588148
R194C,135,115,0.835392847,49.58535112,0.643972,64.3972,1.407283,104.2431852
D215H,103,105,1.04673907,62.12996018,,0,1.264178,93.64281481
M225T,110,61,0.176722468,10.48949085,0.103769,10.3769,1.402919,103.9199259
T242I,107,123,0.621866717,36.91135209,,0,1.115955,82.66333333
D268H,5,23,0.542085576,32.17588434,,0,1.070447,79.29237037
D268N,12,12,1.673836137,99.3517635,0.916327,91.6327,1.451052,107.4853333
I351T,162,172,2.619645999,155.490997,1.126973,112.6973,1.493252,110.6112593
R374W,94,39,0.329655754,19.56695747,0.607726,60.7726,0.862942,63.92162963
E376D,51,56,0.78560299,46.63003788,,0,1.187444,87.95881481
R396C,14,36,0.050016966,2.96879346,0.023238,2.3238,0.261995,19.40703704
R396H,9,21,0.031270149,1.856062478,0.08405,8.405,0.16969,12.56962963
G418A,84,32,0.153374162,9.103635137,0.09405,9.405,0.658901,48.80748148
L423V,56,22,0.05353585,3.177659384,0.159621,15.9621,0.268876,19.91674074
I427V,86,70,1.914025121,113.6083557,,0,1.386297,102.6886667
D430N,133,172,1.063023824,63.09655362,0.781017,78.1017,1.272343,94.24762963
