variant,fitness,growth,library
negative,0.022583135,0,Low Exp.
G116R,-0.108739,0.066333333,Low Exp.
L255*,-0.031404,-0.139333334,Low Exp.
M89L,-0.051629,-0.012666667,Low Exp.
I436A,0.114082,0.060333333,Low Exp.
R426H,0.22088,0.977666666,Low Exp.
M278A,0.342306,1.713,Low Exp.
H86Q,0.354092,1.162,Low Exp.
E417S,0.634441,1.830333333,Low Exp.
S290T,0.840574,3.177,Low Exp.
I351A,0.886985,2.339333333,Low Exp.
L108F,0.92963,0.627333333,Low Exp.
wild-type,1,2.033333333,Low Exp.
K82A,1.164945,3.16,Low Exp.
L484T,1.731032,2.953666666,Low Exp.
G8Y,1.846226,3.654666666,Low Exp.
negative,0.002583303,0,High Exp.
G116R,0.043677,0.143,High Exp.
L255*,-0.219915,-0.204333333,High Exp.
M89L,0.174465,2.144666667,High Exp.
I436A,0.345944,1.240666667,High Exp.
R426H,1.244531,3.558333334,High Exp.
M278A,0.799637,2.886333334,High Exp.
H86Q,1.100039,2.956,High Exp.
E417S,1.250352,3.756,High Exp.
S290T,1.165903,3.217,High Exp.
I351A,1.237891,3.743333334,High Exp.
L108F,1.275762,3.303,High Exp.
wild-type,1.35,3.608333334,High Exp.
K82A,1.251907,3.374666667,High Exp.
L484T,1.748524,4.066333334,High Exp.
G8Y,1.719361,4.028,High Exp.
