variant,Low Exp.,High Exp.,data
negative,1.396666667,1.357333333,growth
G116R,1.463,1.500333333,growth
L255*,1.257333333,1.153,growth
M89L,1.384,3.502,growth
I436A,1.457,2.598,growth
R426H,2.374333333,4.915666667,growth
M278A,3.109666667,4.243666667,growth
H86Q,2.558666667,4.313333333,growth
E417S,3.227,5.113333333,growth
S290T,4.573666667,4.574333333,growth
I351A,3.736,5.100666667,growth
L108F,2.024,4.660333333,growth
wild-type,3.43,4.965666667,growth
K82A,4.556666667,4.732,growth
L484T,4.350333333,5.423666667,growth
G8Y,5.051333333,5.385333333,growth
negative,0,0,ves
G116R,-0.108739,0.045651,ves
L255*,-0.031404,-0.229852,ves
M89L,-0.051629,0.182348,ves
I436A,0.114082,0.361575,ves
R426H,0.22088,1.300766,ves
M278A,0.342306,0.835768,ves
H86Q,0.354092,1.149744,ves
E417S,0.634441,1.306849,ves
S290T,0.840574,1.218585,ves
I351A,0.886985,1.293825,ves
L108F,0.92963,1.333407,ves
wild-type,1,1.411,ves
K82A,1.164945,1.308474,ves
L484T,1.731032,1.827532,ves
G8Y,1.846226,1.797051,ves
negative,0.412031169,0.546348395,enzyme
G116R,0.519826576,0.618219183,enzyme
L255*,0.701508041,2.594418007,enzyme
M89L,0.891385298,0.583797936,enzyme
I436A,0.93248819,2.635628668,enzyme
R426H,1.122176853,5.184950962,enzyme
M278A,1.711864335,3.060425012,enzyme
H86Q,,,enzyme
E417S,1.261359824,2.568478138,enzyme
S290T,1.037724096,1.197819538,enzyme
I351A,1.189871613,0.287348445,enzyme
L108F,0.694977272,0.731672434,enzyme
wild-type,1.164120339,0.820559863,enzyme
K82A,,0,enzyme
L484T,1.689782577,6.7687217,enzyme
G8Y,1.955404899,5.35722424,enzyme
